{
    "DISCORD_APP_TOKEN" : "NDI3Njc3NTkwMzU5Mzc1ODcz.DeQRwA.13QgDSZIvqQfJpWv48-aoTO-Xzk",
    "TWITTER_CONSUMER_KEY" : "MtqFC9t2lwpo62aYR7E7TnhjJ",
    "TWITTER_CONSUMER_SECRET" : "faJTsQAUOsutdwKIiZAn47KUCZ2PHWZ6ij8mYR6edQefyet3MC",
    "TWITTER_ACCESS_TOKEN_KEY" : "100152312-UFXKOCIVsUOu4LHygsP9mfaKnctcsBQfR368WFbd",
    "TWITTER_ACCESS_TOKEN_SECRET" : "to609fIwGtQyvpRcekG7n2GgCEIoftgzhDAJgwuF8PSoH",    
    "TWITTER_STREAM_ID" : "3521186773, 864228034370457600, 819625154",
    "TWITTER_STREAM_SCREENNAME" : ["BladeAndSoulOps", "BnSEsports", "bladeandsoul"]
}